Zipcode,ZipCodeType,City,State,LocationType,Lat,Long,Location,Decommisioned,TaxReturnsFiled,EstimatedPopulation,TotalWages
38601,STANDARD,ABBEVILLE,MS,PRIMARY,34.5,-89.5,NA-US-MS-ABBEVILLE,false,987,1784,24069593
39730,STANDARD,ABERDEEN,MS,PRIMARY,33.82,-88.55,NA-US-MS-ABERDEEN,false,4926,8894,117793970
39735,STANDARD,ACKERMAN,MS,PRIMARY,33.31,-89.17,NA-US-MS-ACKERMAN,false,1590,2986,42860765
38820,PO BOX,ALGOMA,MS,PRIMARY,34.17,-89.03,NA-US-MS-ALGOMA,false,,,
38720,STANDARD,ALLIGATOR,MS,PRIMARY,34.08,-90.72,NA-US-MS-ALLIGATOR,false,,,
38821,STANDARD,AMORY,MS,PRIMARY,33.98,-88.48,NA-US-MS-AMORY,false,5057,9536,153437411
38721,STANDARD,ANGUILLA,MS,PRIMARY,32.97,-90.82,NA-US-MS-ANGUILLA,false,528,970,10968344
38722,PO BOX,ARCOLA,MS,PRIMARY,33.27,-90.88,NA-US-MS-ARCOLA,false,265,474,4295610
38602,PO BOX,ARKABUTLA,MS,PRIMARY,34.7,-90.13,NA-US-MS-ARKABUTLA,false,,,
39736,PO BOX,ARTESIA,MS,PRIMARY,33.41,-88.64,NA-US-MS-ARTESIA,false,,,
38603,STANDARD,ASHLAND,MS,PRIMARY,34.83,-89.17,NA-US-MS-ASHLAND,false,1212,2203,28995795
38723,PO BOX,AVON,MS,PRIMARY,33.2,-91.06,NA-US-MS-AVON,false,,,
39320,STANDARD,BAILEY,MS,PRIMARY,32.48,-88.69,NA-US-MS-BAILEY,false,781,1483,28656498
38824,STANDARD,BALDWYN,MS,PRIMARY,34.5,-88.63,NA-US-MS-BALDWYN,false,3347,6283,91075717
39421,STANDARD,BASSFIELD,MS,PRIMARY,31.49,-89.74,NA-US-MS-BASSFIELD,false,1399,2545,33695954
38606,STANDARD,BATESVILLE,MS,PRIMARY,34.31,-89.93,NA-US-MS-BATESVILLE,false,6791,12504,191992018
39520,STANDARD,BAY SAINT LOUIS,MS,PRIMARY,30.32,-89.51,NA-US-MS-BAY SAINT LOUIS,false,4756,8359,129239499
39521,PO BOX,BAY SAINT LOUIS,MS,PRIMARY,30.32,-89.51,NA-US-MS-BAY SAINT LOUIS,false,685,1069,17610486
39522,UNIQUE,STENNIS SPACE CENTER,MS,PRIMARY,30.34,-89.55,NA-US-MS-STENNIS SPACE CENTER,false,,,
39525,STANDARD,DIAMONDHEAD,MS,PRIMARY,30.38,-89.36,NA-US-MS-DIAMONDHEAD,false,3869,6950,148480879
39529,UNIQUE,STENNIS SPACE CENTER,MS,PRIMARY,30.34,-89.55,NA-US-MS-STENNIS SPACE CENTER,false,,,
39558,PO BOX,LAKESHORE,MS,PRIMARY,30.21,-89.48,NA-US-MS-LAKESHORE,false,,,
39572,STANDARD,PEARLINGTON,MS,PRIMARY,30.24,-89.6,NA-US-MS-PEARLINGTON,false,502,914,13973785
39576,STANDARD,WAVELAND,MS,PRIMARY,30.28,-89.38,NA-US-MS-WAVELAND,false,2138,3797,63603036
39422,STANDARD,BAY SPRINGS,MS,PRIMARY,31.98,-89.28,NA-US-MS-BAY SPRINGS,false,2431,4491,73585777
39423,STANDARD,BEAUMONT,MS,PRIMARY,31.17,-88.92,NA-US-MS-BEAUMONT,false,1016,1960,29328417
38825,PO BOX,BECKER,MS,PRIMARY,33.91,-88.49,NA-US-MS-BECKER,false,,,
38826,STANDARD,BELDEN,MS,PRIMARY,34.27,-88.82,NA-US-MS-BELDEN,false,2036,3831,90771297
39737,STANDARD,BELLEFONTAINE,MS,PRIMARY,33.64,-89.33,NA-US-MS-BELLEFONTAINE,false,,,
38827,STANDARD,BELMONT,MS,PRIMARY,34.5,-88.2,NA-US-MS-BELMONT,false,1221,2407,35030883
39038,STANDARD,BELZONI,MS,PRIMARY,33.17,-90.48,NA-US-MS-BELZONI,false,2582,4674,50992742
38725,STANDARD,BENOIT,MS,PRIMARY,33.65,-91,NA-US-MS-BENOIT,false,418,758,7539166
39039,STANDARD,BENTON,MS,PRIMARY,32.8,-90.28,NA-US-MS-BENTON,false,973,1812,29239656
39040,STANDARD,BENTONIA,MS,PRIMARY,32.64,-90.37,NA-US-MS-BENTONIA,false,1374,2588,41491984
38726,STANDARD,BEULAH,MS,PRIMARY,33.79,-90.98,NA-US-MS-BEULAH,false,,,
38914,STANDARD,BIG CREEK,MS,PRIMARY,33.84,-89.41,NA-US-MS-BIG CREEK,false,,,
39530,STANDARD,BILOXI,MS,PRIMARY,30.39,-88.88,NA-US-MS-BILOXI,false,3427,5497,76167520
39531,STANDARD,BILOXI,MS,PRIMARY,30.39,-88.88,NA-US-MS-BILOXI,false,7131,12124,212013631
39532,STANDARD,BILOXI,MS,PRIMARY,30.39,-88.88,NA-US-MS-BILOXI,false,13855,24883,493593793
39533,PO BOX,BILOXI,MS,PRIMARY,30.39,-88.88,NA-US-MS-BILOXI,false,311,471,7785666
39534,PO BOX,BILOXI,MS,PRIMARY,30.39,-88.88,NA-US-MS-BILOXI,false,853,989,14835743
39535,PO BOX,BILOXI,MS,PRIMARY,30.39,-88.88,NA-US-MS-BILOXI,false,417,636,12396146
39540,STANDARD,DIBERVILLE,MS,PRIMARY,30.44,-88.9,NA-US-MS-DIBERVILLE,false,3793,6371,103915140
38610,STANDARD,BLUE MOUNTAIN,MS,PRIMARY,34.67,-89.02,NA-US-MS-BLUE MOUNTAIN,false,1292,2435,35039809
38828,STANDARD,BLUE SPRINGS,MS,PRIMARY,34.4,-88.87,NA-US-MS-BLUE SPRINGS,false,1665,3176,50507972
39629,STANDARD,BOGUE CHITTO,MS,PRIMARY,31.43,-90.45,NA-US-MS-BOGUE CHITTO,false,2449,4790,84847311
39041,STANDARD,BOLTON,MS,PRIMARY,32.35,-90.45,NA-US-MS-BOLTON,false,1653,2921,44199134
38829,STANDARD,BOONEVILLE,MS,PRIMARY,34.66,-88.56,NA-US-MS-BOONEVILLE,false,7028,13211,192125150
38859,STANDARD,NEW SITE,MS,PRIMARY,34.56,-88.41,NA-US-MS-NEW SITE,false,267,523,6792114
38730,STANDARD,BOYLE,MS,PRIMARY,33.7,-90.72,NA-US-MS-BOYLE,false,825,1539,23730384
39042,STANDARD,BRANDON,MS,PRIMARY,32.28,-90,NA-US-MS-BRANDON,false,14165,26551,592209817
39043,PO BOX,BRANDON,MS,PRIMARY,32.28,-90,NA-US-MS-BRANDON,false,661,1110,25528523
39047,STANDARD,BRANDON,MS,PRIMARY,32.28,-90,NA-US-MS-BRANDON,false,15601,28833,795726939
39044,STANDARD,BRAXTON,MS,PRIMARY,32.02,-89.97,NA-US-MS-BRAXTON,false,1296,2431,41260740
39601,STANDARD,BROOKHAVEN,MS,PRIMARY,31.58,-90.44,NA-US-MS-BROOKHAVEN,false,8904,16719,285103244
39602,PO BOX,BROOKHAVEN,MS,PRIMARY,31.58,-90.44,NA-US-MS-BROOKHAVEN,false,445,748,13659398
39603,PO BOX,BROOKHAVEN,MS,PRIMARY,31.58,-90.44,NA-US-MS-BROOKHAVEN,false,423,778,13427642
39425,STANDARD,BROOKLYN,MS,PRIMARY,30.98,-89.23,NA-US-MS-BROOKLYN,false,700,1317,20760059
39739,STANDARD,BROOKSVILLE,MS,PRIMARY,33.23,-88.58,NA-US-MS-BROOKSVILLE,false,1387,2385,24801226
38913,STANDARD,BANNER,MS,PRIMARY,34.1,-89.4,NA-US-MS-BANNER,false,,,
38915,STANDARD,BRUCE,MS,PRIMARY,33.99,-89.34,NA-US-MS-BRUCE,false,1724,3237,40655034
38949,STANDARD,PARIS,MS,PRIMARY,34.18,-89.46,NA-US-MS-PARIS,false,,,
39322,STANDARD,BUCKATUNNA,MS,PRIMARY,31.53,-88.52,NA-US-MS-BUCKATUNNA,false,765,1487,22105579
39630,STANDARD,BUDE,MS,PRIMARY,31.46,-90.85,NA-US-MS-BUDE,false,429,785,10145867
38833,STANDARD,BURNSVILLE,MS,PRIMARY,34.84,-88.31,NA-US-MS-BURNSVILLE,false,967,1850,23915006
38611,STANDARD,BYHALIA,MS,PRIMARY,34.86,-89.68,NA-US-MS-BYHALIA,false,7245,13055,220334643
39740,STANDARD,CALEDONIA,MS,PRIMARY,33.68,-88.32,NA-US-MS-CALEDONIA,false,2029,4013,77849897
38916,STANDARD,CALHOUN CITY,MS,PRIMARY,33.85,-89.31,NA-US-MS-CALHOUN CITY,false,1842,3415,44832111
38955,PO BOX,SLATE SPRING,MS,PRIMARY,33.74,-89.37,NA-US-MS-SLATE SPRING,false,,,
39045,STANDARD,CAMDEN,MS,PRIMARY,32.8,-89.87,NA-US-MS-CAMDEN,false,640,1154,12100016
39046,STANDARD,CANTON,MS,PRIMARY,32.61,-90.03,NA-US-MS-CANTON,false,11149,20588,321126654
39426,STANDARD,CARRIERE,MS,PRIMARY,30.6,-89.56,NA-US-MS-CARRIERE,false,6067,11857,219483738
38917,STANDARD,CARROLLTON,MS,PRIMARY,33.5,-89.92,NA-US-MS-CARROLLTON,false,1343,2512,42293147
39427,STANDARD,CARSON,MS,PRIMARY,31.55,-89.78,NA-US-MS-CARSON,false,517,962,13880664
39051,STANDARD,CARTHAGE,MS,PRIMARY,32.74,-89.53,NA-US-MS-CARTHAGE,false,6249,11734,177686000
39054,STANDARD,CARY,MS,PRIMARY,32.8,-90.92,NA-US-MS-CARY,false,,,
38920,STANDARD,CASCILLA,MS,PRIMARY,33.89,-90.03,NA-US-MS-CASCILLA,false,297,561,6449036
39741,STANDARD,CEDARBLUFF,MS,PRIMARY,33.61,-88.84,NA-US-MS-CEDARBLUFF,false,619,1188,16682041
39631,STANDARD,CENTREVILLE,MS,PRIMARY,31.08,-91.06,NA-US-MS-CENTREVILLE,false,1446,2627,36676235
38921,STANDARD,CHARLESTON,MS,PRIMARY,34,-90.05,NA-US-MS-CHARLESTON,false,1841,3343,38933892
38958,PO BOX,SWAN LAKE,MS,PRIMARY,33.89,-90.24,NA-US-MS-SWAN LAKE,false,,,
39632,PO BOX,CHATAWA,MS,PRIMARY,31.1,-90.52,NA-US-MS-CHATAWA,false,,,
39323,STANDARD,CHUNKY,MS,PRIMARY,32.32,-88.92,NA-US-MS-CHUNKY,false,516,988,16069320
39324,PO BOX,CLARA,MS,PRIMARY,31.57,-88.69,NA-US-MS-CLARA,false,,,
38614,STANDARD,CLARKSDALE,MS,PRIMARY,34.2,-90.57,NA-US-MS-CLARKSDALE,false,7768,14062,188124583
38630,PO BOX,FARRELL,MS,PRIMARY,34.26,-90.67,NA-US-MS-FARRELL,false,,,
38669,PO BOX,SHERARD,MS,PRIMARY,34.21,-90.71,NA-US-MS-SHERARD,false,,,
38732,STANDARD,CLEVELAND,MS,PRIMARY,33.74,-90.72,NA-US-MS-CLEVELAND,false,7021,12577,205956688
38733,STANDARD,CLEVELAND,MS,PRIMARY,33.74,-90.72,NA-US-MS-CLEVELAND,false,,,
39056,STANDARD,CLINTON,MS,PRIMARY,32.33,-90.33,NA-US-MS-CLINTON,false,11396,20758,441425722
39058,UNIQUE,CLINTON,MS,PRIMARY,32.33,-90.33,NA-US-MS-CLINTON,false,,,
39060,PO BOX,CLINTON,MS,PRIMARY,32.33,-90.33,NA-US-MS-CLINTON,false,462,803,15785723
38617,STANDARD,COAHOMA,MS,PRIMARY,34.36,-90.52,NA-US-MS-COAHOMA,false,262,480,5052942
38922,STANDARD,COFFEEVILLE,MS,PRIMARY,33.97,-89.67,NA-US-MS-COFFEEVILLE,false,1427,2629,33137942
38923,STANDARD,COILA,MS,PRIMARY,33.36,-89.97,NA-US-MS-COILA,false,495,941,13025893
38618,STANDARD,COLDWATER,MS,PRIMARY,34.69,-89.97,NA-US-MS-COLDWATER,false,5009,9294,153034488
39428,STANDARD,COLLINS,MS,PRIMARY,31.63,-89.55,NA-US-MS-COLLINS,false,3921,7305,102207879
39325,STANDARD,COLLINSVILLE,MS,PRIMARY,32.49,-88.84,NA-US-MS-COLLINSVILLE,false,2501,4923,103868605
39429,STANDARD,COLUMBIA,MS,PRIMARY,31.25,-89.82,NA-US-MS-COLUMBIA,false,6856,12877,211000989
39701,STANDARD,COLUMBUS,MS,PRIMARY,33.5,-88.4,NA-US-MS-COLUMBUS,false,5498,9383,125026666
39702,STANDARD,COLUMBUS,MS,PRIMARY,33.5,-88.4,NA-US-MS-COLUMBUS,false,9048,16834,275287188
39703,PO BOX,COLUMBUS,MS,PRIMARY,33.5,-88.4,NA-US-MS-COLUMBUS,false,342,576,11382004
39704,PO BOX,COLUMBUS,MS,PRIMARY,33.5,-88.4,NA-US-MS-COLUMBUS,false,405,710,12296483
39705,STANDARD,COLUMBUS,MS,PRIMARY,33.5,-88.4,NA-US-MS-COLUMBUS,false,6162,11121,231687792
39710,UNIQUE,COLUMBUS,MS,PRIMARY,33.5,-88.4,NA-US-MS-COLUMBUS,false,,,
38619,STANDARD,COMO,MS,PRIMARY,34.51,-89.94,NA-US-MS-COMO,false,2097,3841,47187504
39057,STANDARD,CONEHATTA,MS,PRIMARY,32.45,-89.27,NA-US-MS-CONEHATTA,false,888,1630,21110771
38834,STANDARD,CORINTH,MS,PRIMARY,34.93,-88.51,NA-US-MS-CORINTH,false,10293,19260,302220490
38835,PO BOX,CORINTH,MS,PRIMARY,34.93,-88.51,NA-US-MS-CORINTH,false,819,1435,23717161
38620,STANDARD,COURTLAND,MS,PRIMARY,34.24,-89.94,NA-US-MS-COURTLAND,false,1363,2556,36074805
39743,STANDARD,CRAWFORD,MS,PRIMARY,33.3,-88.62,NA-US-MS-CRAWFORD,false,910,1616,18849729
38621,STANDARD,CRENSHAW,MS,PRIMARY,34.5,-90.19,NA-US-MS-CRENSHAW,false,710,1332,14107691
39633,STANDARD,CROSBY,MS,PRIMARY,31.27,-91.06,NA-US-MS-CROSBY,false,387,732,10989700
38622,PO BOX,CROWDER,MS,PRIMARY,34.17,-90.13,NA-US-MS-CROWDER,false,284,525,5817272
38924,STANDARD,CRUGER,MS,PRIMARY,33.32,-90.23,NA-US-MS-CRUGER,false,321,608,7025225
39059,STANDARD,CRYSTAL SPRINGS,MS,PRIMARY,31.98,-90.35,NA-US-MS-CRYSTAL SPRINGS,false,4977,8962,140722718
39326,STANDARD,DALEVILLE,MS,PRIMARY,32.54,-88.67,NA-US-MS-DALEVILLE,false,322,571,8463548
38623,PO BOX,DARLING,MS,PRIMARY,34.35,-90.26,NA-US-MS-DARLING,false,,,
39327,STANDARD,DECATUR,MS,PRIMARY,32.43,-89.11,NA-US-MS-DECATUR,false,1585,3078,50639147
39328,STANDARD,DE KALB,MS,PRIMARY,32.76,-88.65,NA-US-MS-DE KALB,false,2034,3501,44981679
39061,PO BOX,DELTA CITY,MS,PRIMARY,33.07,-90.75,NA-US-MS-DELTA CITY,false,,,
38838,STANDARD,DENNIS,MS,PRIMARY,34.56,-88.18,NA-US-MS-DENNIS,false,562,1115,15032592
38839,PO BOX,DERMA,MS,PRIMARY,33.85,-89.28,NA-US-MS-DERMA,false,,,
39062,PO BOX,D LO,MS,PRIMARY,31.98,-89.85,NA-US-MS-D LO,false,330,600,7204123
38736,STANDARD,DODDSVILLE,MS,PRIMARY,33.65,-90.52,NA-US-MS-DODDSVILLE,false,,,
38737,STANDARD,DREW,MS,PRIMARY,33.8,-90.53,NA-US-MS-DREW,false,1177,2141,24867982
38738,PO BOX,PARCHMAN,MS,PRIMARY,33.87,-90.55,NA-US-MS-PARCHMAN,false,,,
38739,PO BOX,DUBLIN,MS,PRIMARY,34.08,-90.5,NA-US-MS-DUBLIN,false,,,
38925,STANDARD,DUCK HILL,MS,PRIMARY,33.63,-89.71,NA-US-MS-DUCK HILL,false,972,1809,23162398
38625,STANDARD,DUMAS,MS,PRIMARY,34.63,-88.83,NA-US-MS-DUMAS,false,403,766,11544087
38740,STANDARD,DUNCAN,MS,PRIMARY,34.04,-90.74,NA-US-MS-DUNCAN,false,,,
38626,STANDARD,DUNDEE,MS,PRIMARY,34.51,-90.45,NA-US-MS-DUNDEE,false,532,960,12030196
39063,STANDARD,DURANT,MS,PRIMARY,33.08,-89.85,NA-US-MS-DURANT,false,1502,2735,30171048
39436,PO BOX,EASTABUCHIE,MS,PRIMARY,31.47,-89.23,NA-US-MS-EASTABUCHIE,false,,,
38841,STANDARD,ECRU,MS,PRIMARY,34.35,-89.02,NA-US-MS-ECRU,false,1292,2508,35530829
39066,STANDARD,EDWARDS,MS,PRIMARY,32.33,-90.6,NA-US-MS-EDWARDS,false,1940,3500,50209565
39437,STANDARD,ELLISVILLE,MS,PRIMARY,31.59,-89.2,NA-US-MS-ELLISVILLE,false,4760,8960,161205024
38927,STANDARD,ENID,MS,PRIMARY,34.11,-89.95,NA-US-MS-ENID,false,461,879,12808833
39330,STANDARD,ENTERPRISE,MS,PRIMARY,32.17,-88.81,NA-US-MS-ENTERPRISE,false,1129,2169,42587237
39552,PO BOX,ESCATAWPA,MS,PRIMARY,30.48,-88.55,NA-US-MS-ESCATAWPA,false,681,1198,21470363
39067,STANDARD,ETHEL,MS,PRIMARY,33.12,-89.46,NA-US-MS-ETHEL,false,534,1026,13307322
38627,STANDARD,ETTA,MS,PRIMARY,34.46,-89.2,NA-US-MS-ETTA,false,475,923,13710874
39744,STANDARD,EUPORA,MS,PRIMARY,33.54,-89.27,NA-US-MS-EUPORA,false,2379,4472,59281776
38629,STANDARD,FALKNER,MS,PRIMARY,34.84,-88.93,NA-US-MS-FALKNER,false,667,1272,19421093
39069,STANDARD,FAYETTE,MS,PRIMARY,31.71,-91.06,NA-US-MS-FAYETTE,false,2150,3899,49069340
39081,PO BOX,HARRISTON,MS,PRIMARY,31.71,-91.03,NA-US-MS-HARRISTON,false,,,
39635,PO BOX,FERNWOOD,MS,PRIMARY,31.18,-90.44,NA-US-MS-FERNWOOD,false,,,
39071,STANDARD,FLORA,MS,PRIMARY,32.54,-90.31,NA-US-MS-FLORA,false,2264,4237,90306918
39072,PO BOX,POCAHONTAS,MS,PRIMARY,32.41,-90.22,NA-US-MS-POCAHONTAS,false,,,
39073,STANDARD,FLORENCE,MS,PRIMARY,32.15,-90.12,NA-US-MS-FLORENCE,false,8194,15468,290324081
39074,STANDARD,FOREST,MS,PRIMARY,32.35,-89.47,NA-US-MS-FOREST,false,5837,10722,147109672
39483,STANDARD,FOXWORTH,MS,PRIMARY,31.27,-89.95,NA-US-MS-FOXWORTH,false,2361,4727,77681237
39745,STANDARD,FRENCH CAMP,MS,PRIMARY,33.29,-89.39,NA-US-MS-FRENCH CAMP,false,331,659,10494886
38631,PO BOX,FRIARS POINT,MS,PRIMARY,34.36,-90.63,NA-US-MS-FRIARS POINT,false,543,993,10485800
38843,STANDARD,FULTON,MS,PRIMARY,34.26,-88.4,NA-US-MS-FULTON,false,4334,8170,133859861
39077,PO BOX,GALLMAN,MS,PRIMARY,31.9,-90.42,NA-US-MS-GALLMAN,false,,,
38844,STANDARD,GATTMAN,MS,PRIMARY,33.88,-88.23,NA-US-MS-GATTMAN,false,,,
39553,STANDARD,GAUTIER,MS,PRIMARY,30.38,-88.63,NA-US-MS-GAUTIER,false,7496,13379,261312821
39078,STANDARD,GEORGETOWN,MS,PRIMARY,31.86,-90.16,NA-US-MS-GEORGETOWN,false,334,615,6699957
38846,STANDARD,GLEN,MS,PRIMARY,34.86,-88.5,NA-US-MS-GLEN,false,917,1765,25274851
38744,STANDARD,GLEN ALLAN,MS,PRIMARY,33.03,-91.01,NA-US-MS-GLEN ALLAN,false,364,676,7891382
38928,STANDARD,GLENDORA,MS,PRIMARY,33.82,-90.29,NA-US-MS-GLENDORA,false,,,
39638,STANDARD,GLOSTER,MS,PRIMARY,31.19,-91.01,NA-US-MS-GLOSTER,false,1349,2449,34903350
38847,STANDARD,GOLDEN,MS,PRIMARY,34.48,-88.18,NA-US-MS-GOLDEN,false,1326,2592,37582287
39079,STANDARD,GOODMAN,MS,PRIMARY,32.96,-89.91,NA-US-MS-GOODMAN,false,718,1308,15025777
39171,PO BOX,THOMASTOWN,MS,PRIMARY,32.85,-89.66,NA-US-MS-THOMASTOWN,false,,,
38929,STANDARD,GORE SPRINGS,MS,PRIMARY,33.71,-89.57,NA-US-MS-GORE SPRINGS,false,534,976,13073843
38745,PO BOX,GRACE,MS,PRIMARY,32.96,-90.94,NA-US-MS-GRACE,false,,,
38701,STANDARD,GREENVILLE,MS,PRIMARY,33.38,-91.05,NA-US-MS-GREENVILLE,false,9667,17629,250298620
38702,PO BOX,GREENVILLE,MS,PRIMARY,33.38,-91.05,NA-US-MS-GREENVILLE,false,415,717,13755598
38703,STANDARD,GREENVILLE,MS,PRIMARY,33.38,-91.05,NA-US-MS-GREENVILLE,false,5221,9461,111694510
38704,PO BOX,GREENVILLE,MS,PRIMARY,33.38,-91.05,NA-US-MS-GREENVILLE,false,605,1034,16782041
38731,STANDARD,CHATHAM,MS,PRIMARY,33.08,-91.08,NA-US-MS-CHATHAM,false,,,
38782,PO BOX,WINTERVILLE,MS,PRIMARY,33.28,-91.01,NA-US-MS-WINTERVILLE,false,,,
38930,STANDARD,GREENWOOD,MS,PRIMARY,33.51,-90.19,NA-US-MS-GREENWOOD,false,9462,17053,253881543
38935,PO BOX,GREENWOOD,MS,PRIMARY,33.51,-90.19,NA-US-MS-GREENWOOD,false,707,1225,17833830
38945,PO BOX,MONEY,MS,PRIMARY,33.61,-90.19,NA-US-MS-MONEY,false,,,
38848,STANDARD,GREENWOOD SPRINGS,MS,PRIMARY,33.98,-88.29,NA-US-MS-GREENWOOD SPRINGS,false,327,656,10990052
38901,STANDARD,GRENADA,MS,PRIMARY,33.77,-89.81,NA-US-MS-GRENADA,false,7217,13430,209088324
38902,PO BOX,GRENADA,MS,PRIMARY,33.77,-89.81,NA-US-MS-GRENADA,false,814,1406,21443490
38926,PO BOX,ELLIOTT,MS,PRIMARY,33.7,-89.74,NA-US-MS-ELLIOTT,false,,,
38960,PO BOX,TIE PLANT,MS,PRIMARY,33.77,-89.8,NA-US-MS-TIE PLANT,false,,,
39501,STANDARD,GULFPORT,MS,PRIMARY,30.38,-89.06,NA-US-MS-GULFPORT,false,8523,14519,176802095
39502,PO BOX,GULFPORT,MS,PRIMARY,30.38,-89.06,NA-US-MS-GULFPORT,false,571,906,21978227
39503,STANDARD,GULFPORT,MS,PRIMARY,30.38,-89.06,NA-US-MS-GULFPORT,false,18811,33916,655526353
39505,PO BOX,GULFPORT,MS,PRIMARY,30.38,-89.06,NA-US-MS-GULFPORT,false,678,1140,21534046
39506,PO BOX,GULFPORT,MS,PRIMARY,30.38,-89.06,NA-US-MS-GULFPORT,false,506,797,14933311
39507,STANDARD,GULFPORT,MS,PRIMARY,30.38,-89.06,NA-US-MS-GULFPORT,false,7338,12140,235544292
38746,STANDARD,GUNNISON,MS,PRIMARY,33.94,-90.94,NA-US-MS-GUNNISON,false,,,
38849,STANDARD,GUNTOWN,MS,PRIMARY,34.44,-88.66,NA-US-MS-GUNTOWN,false,2129,4127,67087853
39746,STANDARD,HAMILTON,MS,PRIMARY,33.8,-88.43,NA-US-MS-HAMILTON,false,1357,2549,42045203
39080,PO BOX,HARPERVILLE,MS,PRIMARY,32.47,-89.45,NA-US-MS-HARPERVILLE,false,,,
39082,STANDARD,HARRISVILLE,MS,PRIMARY,31.96,-90.09,NA-US-MS-HARRISVILLE,false,553,1038,16703409
39401,STANDARD,HATTIESBURG,MS,PRIMARY,31.31,-89.3,NA-US-MS-HATTIESBURG,false,16447,27486,395331583
39402,STANDARD,HATTIESBURG,MS,PRIMARY,31.31,-89.3,NA-US-MS-HATTIESBURG,false,15516,27793,678391743
39403,PO BOX,HATTIESBURG,MS,PRIMARY,31.31,-89.3,NA-US-MS-HATTIESBURG,false,449,768,17841890
39404,PO BOX,HATTIESBURG,MS,PRIMARY,31.31,-89.3,NA-US-MS-HATTIESBURG,false,1015,1685,32266631
39406,UNIQUE,HATTIESBURG,MS,PRIMARY,31.31,-89.3,NA-US-MS-HATTIESBURG,false,256,356,3291124
39407,UNIQUE,HATTIESBURG,MS,PRIMARY,31.31,-89.3,NA-US-MS-HATTIESBURG,false,,,
39083,STANDARD,HAZLEHURST,MS,PRIMARY,31.86,-90.39,NA-US-MS-HAZLEHURST,false,4415,7946,107224889
39439,STANDARD,HEIDELBERG,MS,PRIMARY,31.89,-88.98,NA-US-MS-HEIDELBERG,false,1975,3578,51526217
39086,STANDARD,HERMANVILLE,MS,PRIMARY,32.02,-90.8,NA-US-MS-HERMANVILLE,false,973,1808,20062724
38632,STANDARD,HERNANDO,MS,PRIMARY,34.82,-89.98,NA-US-MS-HERNANDO,false,10455,20071,477331729
39332,STANDARD,HICKORY,MS,PRIMARY,32.31,-89.02,NA-US-MS-HICKORY,false,739,1412,23665513
38633,STANDARD,HICKORY FLAT,MS,PRIMARY,34.61,-89.18,NA-US-MS-HICKORY FLAT,false,889,1709,24973041
39087,PO BOX,HILLSBORO,MS,PRIMARY,32.44,-89.51,NA-US-MS-HILLSBORO,false,,,
38940,STANDARD,HOLCOMB,MS,PRIMARY,33.75,-89.96,NA-US-MS-HOLCOMB,false,812,1554,24183913
38748,STANDARD,HOLLANDALE,MS,PRIMARY,33.17,-90.85,NA-US-MS-HOLLANDALE,false,1560,2886,32865432
39088,STANDARD,HOLLY BLUFF,MS,PRIMARY,32.83,-90.69,NA-US-MS-HOLLY BLUFF,false,,,
38634,PO BOX,HOLLY SPRINGS,MS,PRIMARY,34.77,-89.44,NA-US-MS-HOLLY SPRINGS,false,263,450,5971231
38635,STANDARD,HOLLY SPRINGS,MS,PRIMARY,34.77,-89.44,NA-US-MS-HOLLY SPRINGS,false,6045,10658,153126740
38649,PO BOX,MOUNT PLEASANT,MS,PRIMARY,34.93,-89.53,NA-US-MS-MOUNT PLEASANT,false,,,
38637,STANDARD,HORN LAKE,MS,PRIMARY,34.95,-90.03,NA-US-MS-HORN LAKE,false,11398,20486,347172382
38850,STANDARD,HOULKA,MS,PRIMARY,34.03,-89.01,NA-US-MS-HOULKA,false,1420,2656,35029519
38851,STANDARD,HOUSTON,MS,PRIMARY,33.89,-89,NA-US-MS-HOUSTON,false,3547,6604,88282710
39555,PO BOX,HURLEY,MS,PRIMARY,30.66,-88.49,NA-US-MS-HURLEY,false,615,1212,26911268
38638,PO BOX,INDEPENDENCE,MS,PRIMARY,34.7,-89.8,NA-US-MS-INDEPENDENCE,false,,,
38749,PO BOX,HOLLY RIDGE,MS,PRIMARY,33.48,-90.68,NA-US-MS-HOLLY RIDGE,false,,,
38751,STANDARD,INDIANOLA,MS,PRIMARY,33.44,-90.64,NA-US-MS-INDIANOLA,false,4964,8896,109803462
38753,STANDARD,INVERNESS,MS,PRIMARY,33.35,-90.59,NA-US-MS-INVERNESS,false,695,1246,17289119
38754,STANDARD,ISOLA,MS,PRIMARY,33.26,-90.59,NA-US-MS-ISOLA,false,728,1256,12173540
38941,STANDARD,ITTA BENA,MS,PRIMARY,33.49,-90.32,NA-US-MS-ITTA BENA,false,1732,3110,36667112
38852,STANDARD,IUKA,MS,PRIMARY,34.8,-88.19,NA-US-MS-IUKA,false,3644,6756,103265337
39193,PO BOX,WHITFIELD,MS,PRIMARY,32.12,-90.13,NA-US-MS-WHITFIELD,false,,,
39201,STANDARD,JACKSON,MS,PRIMARY,32.32,-90.2,NA-US-MS-JACKSON,false,276,407,6279788
39202,STANDARD,JACKSON,MS,PRIMARY,32.32,-90.2,NA-US-MS-JACKSON,false,3284,5162,103618280
39203,STANDARD,JACKSON,MS,PRIMARY,32.32,-90.2,NA-US-MS-JACKSON,false,2320,3973,35043902
39204,STANDARD,JACKSON,MS,PRIMARY,32.32,-90.2,NA-US-MS-JACKSON,false,7371,12836,141291255
39205,PO BOX,JACKSON,MS,PRIMARY,32.32,-90.2,NA-US-MS-JACKSON,false,307,501,10986076
39206,STANDARD,JACKSON,MS,PRIMARY,32.32,-90.2,NA-US-MS-JACKSON,false,11239,19006,277027735
39207,PO BOX,JACKSON,MS,PRIMARY,32.32,-90.2,NA-US-MS-JACKSON,false,,,
39208,STANDARD,PEARL,MS,PRIMARY,32.32,-90.2,NA-US-MS-PEARL,false,12241,21916,387897218
39209,STANDARD,JACKSON,MS,PRIMARY,32.32,-90.2,NA-US-MS-JACKSON,false,12580,21859,251035515
39210,UNIQUE,JACKSON,MS,PRIMARY,32.32,-90.2,NA-US-MS-JACKSON,false,,,
39211,STANDARD,JACKSON,MS,PRIMARY,32.32,-90.2,NA-US-MS-JACKSON,false,11198,18806,521231524
39212,STANDARD,JACKSON,MS,PRIMARY,32.32,-90.2,NA-US-MS-JACKSON,false,13839,24414,360434350
39213,STANDARD,JACKSON,MS,PRIMARY,32.32,-90.2,NA-US-MS-JACKSON,false,10119,17191,190155007
39215,PO BOX,JACKSON,MS,PRIMARY,32.32,-90.2,NA-US-MS-JACKSON,false,250,392,9393495
39216,STANDARD,JACKSON,MS,PRIMARY,32.32,-90.2,NA-US-MS-JACKSON,false,1610,2521,71441927
39217,UNIQUE,JACKSON,MS,PRIMARY,32.32,-90.2,NA-US-MS-JACKSON,false,,,
39218,STANDARD,RICHLAND,MS,PRIMARY,32.32,-90.2,NA-US-MS-RICHLAND,false,3041,5496,97603990
39225,PO BOX,JACKSON,MS,PRIMARY,32.32,-90.2,NA-US-MS-JACKSON,false,254,400,10987069
39232,STANDARD,FLOWOOD,MS,PRIMARY,32.32,-90.2,NA-US-MS-FLOWOOD,false,3145,5340,152116797
39236,PO BOX,JACKSON,MS,PRIMARY,32.32,-90.2,NA-US-MS-JACKSON,false,636,1013,25526024
39250,UNIQUE,JACKSON,MS,PRIMARY,32.32,-90.2,NA-US-MS-JACKSON,false,,,
39269,STANDARD,JACKSON,MS,PRIMARY,32.32,-90.2,NA-US-MS-JACKSON,false,,,
39271,UNIQUE,JACKSON,MS,PRIMARY,32.32,-90.2,NA-US-MS-JACKSON,false,,,
39272,STANDARD,BYRAM,MS,PRIMARY,32.32,-90.2,NA-US-MS-BYRAM,false,5790,10412,211945858
39282,PO BOX,JACKSON,MS,PRIMARY,32.32,-90.2,NA-US-MS-JACKSON,false,357,620,8505129
39283,PO BOX,JACKSON,MS,PRIMARY,32.32,-90.2,NA-US-MS-JACKSON,false,,,
39284,PO BOX,JACKSON,MS,PRIMARY,32.32,-90.2,NA-US-MS-JACKSON,false,374,633,7886132
39286,PO BOX,JACKSON,MS,PRIMARY,32.32,-90.2,NA-US-MS-JACKSON,false,480,786,13443316
39288,PO BOX,PEARL,MS,PRIMARY,32.32,-90.2,NA-US-MS-PEARL,false,412,688,11426134
39289,PO BOX,JACKSON,MS,PRIMARY,32.32,-90.2,NA-US-MS-JACKSON,false,374,614,9449220
39296,PO BOX,JACKSON,MS,PRIMARY,32.32,-90.2,NA-US-MS-JACKSON,false,251,378,9875015
39298,PO BOX,JACKSON,MS,PRIMARY,32.32,-90.2,NA-US-MS-JACKSON,false,,,
39641,STANDARD,JAYESS,MS,PRIMARY,31.41,-90.18,NA-US-MS-JAYESS,false,1656,3282,54283703
38639,PO BOX,JONESTOWN,MS,PRIMARY,34.32,-90.45,NA-US-MS-JONESTOWN,false,588,1096,10907768
39747,STANDARD,KILMICHAEL,MS,PRIMARY,33.43,-89.56,NA-US-MS-KILMICHAEL,false,779,1378,17978869
39556,STANDARD,KILN,MS,PRIMARY,30.41,-89.43,NA-US-MS-KILN,false,2811,5321,90764163
39643,STANDARD,KOKOMO,MS,PRIMARY,31.17,-89.98,NA-US-MS-KOKOMO,false,528,1005,14800930
39090,STANDARD,KOSCIUSKO,MS,PRIMARY,33.05,-89.58,NA-US-MS-KOSCIUSKO,false,5249,9789,144877411
39092,STANDARD,LAKE,MS,PRIMARY,32.34,-89.32,NA-US-MS-LAKE,false,1287,2446,33822722
38641,STANDARD,LAKE CORMORANT,MS,PRIMARY,34.9,-90.21,NA-US-MS-LAKE CORMORANT,false,1043,1952,36897777
38642,STANDARD,LAMAR,MS,PRIMARY,34.91,-89.31,NA-US-MS-LAMAR,false,1044,1901,28146495
38643,STANDARD,LAMBERT,MS,PRIMARY,34.2,-90.28,NA-US-MS-LAMBERT,false,877,1620,16201952
39335,STANDARD,LAUDERDALE,MS,PRIMARY,32.52,-88.46,NA-US-MS-LAUDERDALE,false,1397,2536,41633630
39440,STANDARD,LAUREL,MS,PRIMARY,31.69,-89.14,NA-US-MS-LAUREL,false,7730,13723,208360016
39441,PO BOX,LAUREL,MS,PRIMARY,31.69,-89.14,NA-US-MS-LAUREL,false,1200,2042,36066100
39442,PO BOX,LAUREL,MS,PRIMARY,31.69,-89.14,NA-US-MS-LAUREL,false,,,
39443,STANDARD,LAUREL,MS,PRIMARY,31.69,-89.14,NA-US-MS-LAUREL,false,8974,17235,314174022
39336,STANDARD,LAWRENCE,MS,PRIMARY,32.27,-89.28,NA-US-MS-LAWRENCE,false,595,1127,14933446
39451,STANDARD,LEAKESVILLE,MS,PRIMARY,31.15,-88.55,NA-US-MS-LEAKESVILLE,false,1583,3111,58319663
38756,STANDARD,LELAND,MS,PRIMARY,33.4,-90.89,NA-US-MS-LELAND,false,3026,5547,71069389
39094,STANDARD,LENA,MS,PRIMARY,32.59,-89.59,NA-US-MS-LENA,false,1496,2813,42297612
39095,STANDARD,LEXINGTON,MS,PRIMARY,33.11,-90.04,NA-US-MS-LEXINGTON,false,2858,5211,61228864
39645,STANDARD,LIBERTY,MS,PRIMARY,31.16,-90.8,NA-US-MS-LIBERTY,false,2103,3881,58825082
39337,STANDARD,LITTLE ROCK,MS,PRIMARY,32.53,-89.18,NA-US-MS-LITTLE ROCK,false,732,1431,23363136
39560,STANDARD,LONG BEACH,MS,PRIMARY,30.36,-89.16,NA-US-MS-LONG BEACH,false,7628,13545,262755129
39096,STANDARD,LORMAN,MS,PRIMARY,31.81,-91.19,NA-US-MS-LORMAN,false,860,1507,20656446
39338,STANDARD,LOUIN,MS,PRIMARY,32.07,-89.26,NA-US-MS-LOUIN,false,1273,2344,35626990
39097,STANDARD,LOUISE,MS,PRIMARY,32.98,-90.59,NA-US-MS-LOUISE,false,346,631,6725487
39339,STANDARD,LOUISVILLE,MS,PRIMARY,33.12,-89.05,NA-US-MS-LOUISVILLE,false,6511,11855,181577163
39452,STANDARD,LUCEDALE,MS,PRIMARY,30.92,-88.59,NA-US-MS-LUCEDALE,false,9858,19596,363756494
39098,PO BOX,LUDLOW,MS,PRIMARY,32.55,-89.66,NA-US-MS-LUDLOW,false,,,
38644,PO BOX,LULA,MS,PRIMARY,34.45,-90.47,NA-US-MS-LULA,false,,,
39455,STANDARD,LUMBERTON,MS,PRIMARY,31,-89.45,NA-US-MS-LUMBERTON,false,3429,6728,101811112
38645,STANDARD,LYON,MS,PRIMARY,34.21,-90.54,NA-US-MS-LYON,false,691,1236,17981435
39647,STANDARD,MC CALL CREEK,MS,PRIMARY,31.52,-90.76,NA-US-MS-MC CALL CREEK,false,437,871,14290330
38943,STANDARD,MC CARLEY,MS,PRIMARY,33.59,-89.84,NA-US-MS-MC CARLEY,false,272,527,8728109
39648,STANDARD,MCCOMB,MS,PRIMARY,31.24,-90.46,NA-US-MS-MCCOMB,false,8148,14847,199774613
39649,PO BOX,MCCOMB,MS,PRIMARY,31.24,-90.46,NA-US-MS-MCCOMB,false,878,1539,29156698
39108,STANDARD,MC COOL,MS,PRIMARY,33.16,-89.33,NA-US-MS-MC COOL,false,747,1399,19838153
39561,STANDARD,MC HENRY,MS,PRIMARY,30.69,-89.18,NA-US-MS-MC HENRY,false,690,1331,21640809
39456,STANDARD,MC LAIN,MS,PRIMARY,31.05,-88.8,NA-US-MS-MC LAIN,false,602,1156,18031063
39457,PO BOX,MC NEILL,MS,PRIMARY,30.7,-89.68,NA-US-MS-MC NEILL,false,343,631,9926678
39750,STANDARD,MABEN,MS,PRIMARY,33.55,-89.08,NA-US-MS-MABEN,false,1190,2204,27542643
39341,STANDARD,MACON,MS,PRIMARY,33.11,-88.56,NA-US-MS-MACON,false,3192,5664,62245351
39109,PO BOX,MADDEN,MS,PRIMARY,32.7,-89.37,NA-US-MS-MADDEN,false,,,
39110,STANDARD,MADISON,MS,PRIMARY,32.45,-90.1,NA-US-MS-MADISON,false,15649,30789,1028646903
39130,PO BOX,MADISON,MS,PRIMARY,32.45,-90.1,NA-US-MS-MADISON,false,736,1292,36019917
39111,STANDARD,MAGEE,MS,PRIMARY,31.87,-89.73,NA-US-MS-MAGEE,false,4053,7398,113022804
39652,STANDARD,MAGNOLIA,MS,PRIMARY,31.15,-90.46,NA-US-MS-MAGNOLIA,false,3333,6103,80044508
38855,STANDARD,MANTACHIE,MS,PRIMARY,34.32,-88.49,NA-US-MS-MANTACHIE,false,1832,3563,54482622
39751,STANDARD,MANTEE,MS,PRIMARY,33.68,-89.02,NA-US-MS-MANTEE,false,563,1045,15408639
38856,STANDARD,MARIETTA,MS,PRIMARY,34.5,-88.47,NA-US-MS-MARIETTA,false,710,1380,21812226
39342,STANDARD,MARION,MS,PRIMARY,32.42,-88.64,NA-US-MS-MARION,false,751,1300,23864412
38609,STANDARD,BELEN,MS,PRIMARY,34.26,-90.35,NA-US-MS-BELEN,false,,,
38646,STANDARD,MARKS,MS,PRIMARY,34.25,-90.27,NA-US-MS-MARKS,false,1281,2304,28350847
39752,STANDARD,MATHISTON,MS,PRIMARY,33.53,-89.12,NA-US-MS-MATHISTON,false,955,1857,28716799
39113,PO BOX,MAYERSVILLE,MS,PRIMARY,32.89,-91.04,NA-US-MS-MAYERSVILLE,false,,,
39753,PO BOX,MAYHEW,MS,PRIMARY,33.48,-88.59,NA-US-MS-MAYHEW,false,,,
39653,STANDARD,MEADVILLE,MS,PRIMARY,31.47,-90.89,NA-US-MS-MEADVILLE,false,1206,2285,41155747
39114,STANDARD,MENDENHALL,MS,PRIMARY,31.96,-89.86,NA-US-MS-MENDENHALL,false,3887,7230,112161750
39301,STANDARD,MERIDIAN,MS,PRIMARY,32.38,-88.71,NA-US-MS-MERIDIAN,false,10480,18824,283626787
39302,PO BOX,MERIDIAN,MS,PRIMARY,32.38,-88.71,NA-US-MS-MERIDIAN,false,608,998,24594342
39303,PO BOX,MERIDIAN,MS,PRIMARY,32.38,-88.71,NA-US-MS-MERIDIAN,false,405,679,16606642
39304,PO BOX,MERIDIAN,MS,PRIMARY,32.38,-88.71,NA-US-MS-MERIDIAN,false,453,767,10767097
39305,STANDARD,MERIDIAN,MS,PRIMARY,32.38,-88.71,NA-US-MS-MERIDIAN,false,8348,15228,352589774
39307,STANDARD,MERIDIAN,MS,PRIMARY,32.38,-88.71,NA-US-MS-MERIDIAN,false,6383,11208,143012354
39309,UNIQUE,MERIDIAN,MS,PRIMARY,32.38,-88.71,NA-US-MS-MERIDIAN,false,,,
38759,STANDARD,MERIGOLD,MS,PRIMARY,33.83,-90.72,NA-US-MS-MERIGOLD,false,629,1156,17917830
38760,PO BOX,METCALFE,MS,PRIMARY,33.45,-91,NA-US-MS-METCALFE,false,351,640,6679612
38647,STANDARD,MICHIGAN CITY,MS,PRIMARY,34.98,-89.25,NA-US-MS-MICHIGAN CITY,false,433,776,10182122
38944,STANDARD,MINTER CITY,MS,PRIMARY,33.75,-90.33,NA-US-MS-MINTER CITY,false,,,
39762,PO BOX,MISSISSIPPI STATE,MS,PRIMARY,33.45,-88.79,NA-US-MS-MISSISSIPPI STATE,false,557,849,18109662
39116,STANDARD,MIZE,MS,PRIMARY,31.86,-89.55,NA-US-MS-MIZE,false,977,1899,33477551
39654,STANDARD,MONTICELLO,MS,PRIMARY,31.55,-90.11,NA-US-MS-MONTICELLO,false,2592,4746,79530928
38857,STANDARD,MOOREVILLE,MS,PRIMARY,34.28,-88.59,NA-US-MS-MOOREVILLE,false,1370,2621,43668742
38761,STANDARD,MOORHEAD,MS,PRIMARY,33.44,-90.5,NA-US-MS-MOORHEAD,false,955,1740,18005554
38946,PO BOX,MORGAN CITY,MS,PRIMARY,33.37,-90.34,NA-US-MS-MORGAN CITY,false,,,
39117,STANDARD,MORTON,MS,PRIMARY,32.35,-89.65,NA-US-MS-MORTON,false,3886,7390,108686237
39459,STANDARD,MOSELLE,MS,PRIMARY,31.48,-89.32,NA-US-MS-MOSELLE,false,1321,2523,41055954
38762,STANDARD,MOUND BAYOU,MS,PRIMARY,33.88,-90.72,NA-US-MS-MOUND BAYOU,false,881,1545,16106323
39119,STANDARD,MOUNT OLIVE,MS,PRIMARY,31.75,-89.65,NA-US-MS-MOUNT OLIVE,false,2214,4137,57166560
38650,STANDARD,MYRTLE,MS,PRIMARY,34.55,-89.11,NA-US-MS-MYRTLE,false,1498,2838,39922440
39120,STANDARD,NATCHEZ,MS,PRIMARY,31.54,-91.38,NA-US-MS-NATCHEZ,false,11745,20822,310840632
39121,PO BOX,NATCHEZ,MS,PRIMARY,31.54,-91.38,NA-US-MS-NATCHEZ,false,601,1027,17113406
39122,PO BOX,NATCHEZ,MS,PRIMARY,31.54,-91.38,NA-US-MS-NATCHEZ,false,354,597,10888991
39461,STANDARD,NEELY,MS,PRIMARY,31.16,-88.75,NA-US-MS-NEELY,false,,,
38651,STANDARD,NESBIT,MS,PRIMARY,34.89,-90.02,NA-US-MS-NESBIT,false,3263,6154,141275122
38858,STANDARD,NETTLETON,MS,PRIMARY,34.09,-88.61,NA-US-MS-NETTLETON,false,2783,5263,72541372
38652,STANDARD,NEW ALBANY,MS,PRIMARY,34.49,-89.02,NA-US-MS-NEW ALBANY,false,6964,13289,206891626
39462,STANDARD,NEW AUGUSTA,MS,PRIMARY,31.2,-89.02,NA-US-MS-NEW AUGUSTA,false,509,920,14202493
39140,STANDARD,NEWHEBRON,MS,PRIMARY,31.72,-90.04,NA-US-MS-NEWHEBRON,false,941,1745,27934517
39345,STANDARD,NEWTON,MS,PRIMARY,32.31,-89.15,NA-US-MS-NEWTON,false,2716,4909,67752524
39463,PO BOX,NICHOLSON,MS,PRIMARY,30.49,-89.68,NA-US-MS-NICHOLSON,false,,,
38947,PO BOX,NORTH CARROLLTON,MS,PRIMARY,33.51,-89.91,NA-US-MS-NORTH CARROLLTON,false,304,578,8167405
39346,STANDARD,NOXAPATER,MS,PRIMARY,32.99,-89.06,NA-US-MS-NOXAPATER,false,946,1716,24402768
38948,STANDARD,OAKLAND,MS,PRIMARY,34.05,-89.91,NA-US-MS-OAKLAND,false,877,1576,20403335
39656,STANDARD,OAK VALE,MS,PRIMARY,31.44,-90,NA-US-MS-OAK VALE,false,381,710,10628833
39564,STANDARD,OCEAN SPRINGS,MS,PRIMARY,30.4,-88.8,NA-US-MS-OCEAN SPRINGS,false,15851,28673,644589818
39565,STANDARD,VANCLEAVE,MS,PRIMARY,30.4,-88.8,NA-US-MS-VANCLEAVE,false,7844,15113,302704993
39566,PO BOX,OCEAN SPRINGS,MS,PRIMARY,30.4,-88.8,NA-US-MS-OCEAN SPRINGS,false,600,985,19872103
38860,STANDARD,OKOLONA,MS,PRIMARY,34,-88.75,NA-US-MS-OKOLONA,false,2629,4719,57326516
38654,STANDARD,OLIVE BRANCH,MS,PRIMARY,34.95,-89.82,NA-US-MS-OLIVE BRANCH,false,20207,38281,925973852
39657,STANDARD,OSYKA,MS,PRIMARY,31,-90.47,NA-US-MS-OSYKA,false,971,1819,27772258
39464,STANDARD,OVETT,MS,PRIMARY,31.48,-89.03,NA-US-MS-OVETT,false,903,1793,29893019
38655,STANDARD,OXFORD,MS,PRIMARY,34.35,-89.52,NA-US-MS-OXFORD,false,13558,23547,487652523
38675,STANDARD,TULA,MS,PRIMARY,34.23,-89.36,NA-US-MS-TULA,false,,,
38764,PO BOX,PACE,MS,PRIMARY,33.79,-90.85,NA-US-MS-PACE,false,,,
39347,STANDARD,PACHUTA,MS,PRIMARY,32.04,-88.88,NA-US-MS-PACHUTA,false,626,1142,17542052
38765,PO BOX,PANTHER BURN,MS,PRIMARY,33.06,-90.87,NA-US-MS-PANTHER BURN,false,,,
39562,STANDARD,MOSS POINT,MS,PRIMARY,30.42,-88.52,NA-US-MS-MOSS POINT,false,6889,13059,256507530
39563,STANDARD,MOSS POINT,MS,PRIMARY,30.42,-88.52,NA-US-MS-MOSS POINT,false,5897,10216,162668146
39567,STANDARD,PASCAGOULA,MS,PRIMARY,30.36,-88.54,NA-US-MS-PASCAGOULA,false,4232,7423,150984631
39568,PO BOX,PASCAGOULA,MS,PRIMARY,30.36,-88.54,NA-US-MS-PASCAGOULA,false,507,806,20897173
39569,PO BOX,PASCAGOULA,MS,PRIMARY,30.36,-88.54,NA-US-MS-PASCAGOULA,false,,,
39581,STANDARD,PASCAGOULA,MS,PRIMARY,30.36,-88.54,NA-US-MS-PASCAGOULA,false,4773,8759,150017655
39595,UNIQUE,PASCAGOULA,MS,PRIMARY,30.36,-88.54,NA-US-MS-PASCAGOULA,false,,,
39571,STANDARD,PASS CHRISTIAN,MS,PRIMARY,30.31,-89.24,NA-US-MS-PASS CHRISTIAN,false,5412,9818,188302464
39144,STANDARD,PATTISON,MS,PRIMARY,31.85,-90.8,NA-US-MS-PATTISON,false,582,1087,11627556
39348,STANDARD,PAULDING,MS,PRIMARY,32,-89.07,NA-US-MS-PAULDING,false,,,
39145,STANDARD,PELAHATCHIE,MS,PRIMARY,32.31,-89.8,NA-US-MS-PELAHATCHIE,false,2189,4171,68936794
39573,STANDARD,PERKINSTON,MS,PRIMARY,30.78,-89.13,NA-US-MS-PERKINSTON,false,3046,5897,103107923
39465,STANDARD,PETAL,MS,PRIMARY,31.34,-89.25,NA-US-MS-PETAL,false,8767,16917,311986204
39755,STANDARD,PHEBA,MS,PRIMARY,33.59,-88.94,NA-US-MS-PHEBA,false,435,823,9895951
39350,STANDARD,PHILADELPHIA,MS,PRIMARY,32.77,-89.1,NA-US-MS-PHILADELPHIA,false,10607,19037,293583090
38950,STANDARD,PHILIPP,MS,PRIMARY,33.75,-90.2,NA-US-MS-PHILIPP,false,,,
39466,STANDARD,PICAYUNE,MS,PRIMARY,30.52,-89.67,NA-US-MS-PICAYUNE,false,10785,19966,329779958
39146,STANDARD,PICKENS,MS,PRIMARY,32.89,-89.96,NA-US-MS-PICKENS,false,1205,2195,25624218
39179,STANDARD,VAUGHAN,MS,PRIMARY,32.81,-90.09,NA-US-MS-VAUGHAN,false,454,843,11013701
39148,PO BOX,PINEY WOODS,MS,PRIMARY,32.12,-90.13,NA-US-MS-PINEY WOODS,false,,,
39149,STANDARD,PINOLA,MS,PRIMARY,31.82,-90.02,NA-US-MS-PINOLA,false,680,1220,15593310
38951,STANDARD,PITTSBORO,MS,PRIMARY,33.94,-89.33,NA-US-MS-PITTSBORO,false,380,722,9279915
38862,STANDARD,PLANTERSVILLE,MS,PRIMARY,34.21,-88.66,NA-US-MS-PLANTERSVILLE,false,1204,2194,32657102
38863,STANDARD,PONTOTOC,MS,PRIMARY,34.24,-89,NA-US-MS-PONTOTOC,false,8062,15383,234844643
38658,STANDARD,POPE,MS,PRIMARY,34.21,-89.94,NA-US-MS-POPE,false,926,1719,26721492
39470,STANDARD,POPLARVILLE,MS,PRIMARY,30.83,-89.53,NA-US-MS-POPLARVILLE,false,4519,8656,143475741
39352,STANDARD,PORTERVILLE,MS,PRIMARY,32.65,-88.48,NA-US-MS-PORTERVILLE,false,349,639,6805160
39150,STANDARD,PORT GIBSON,MS,PRIMARY,31.95,-90.98,NA-US-MS-PORT GIBSON,false,2555,4569,61036270
38659,STANDARD,POTTS CAMP,MS,PRIMARY,34.64,-89.3,NA-US-MS-POTTS CAMP,false,1135,2163,32160125
39756,STANDARD,PRAIRIE,MS,PRIMARY,33.8,-88.66,NA-US-MS-PRAIRIE,false,891,1593,17549338
39474,STANDARD,PRENTISS,MS,PRIMARY,31.59,-89.87,NA-US-MS-PRENTISS,false,2695,4780,63767399
39354,STANDARD,PRESTON,MS,PRIMARY,32.85,-88.8,NA-US-MS-PRESTON,false,739,1372,17709631
39151,PO BOX,PUCKETT,MS,PRIMARY,32.08,-89.77,NA-US-MS-PUCKETT,false,,,
39152,STANDARD,PULASKI,MS,PRIMARY,32.27,-89.63,NA-US-MS-PULASKI,false,485,945,12599722
39475,STANDARD,PURVIS,MS,PRIMARY,31.14,-89.4,NA-US-MS-PURVIS,false,4893,9441,180276275
39355,STANDARD,QUITMAN,MS,PRIMARY,32.04,-88.72,NA-US-MS-QUITMAN,false,2882,5371,85914193
39153,STANDARD,RALEIGH,MS,PRIMARY,32.03,-89.52,NA-US-MS-RALEIGH,false,1447,2756,40443718
38864,STANDARD,RANDOLPH,MS,PRIMARY,34.18,-89.16,NA-US-MS-RANDOLPH,false,534,1038,14758839
39154,STANDARD,RAYMOND,MS,PRIMARY,32.26,-90.42,NA-US-MS-RAYMOND,false,3886,7133,146192969
38661,STANDARD,RED BANKS,MS,PRIMARY,34.83,-89.58,NA-US-MS-RED BANKS,false,772,1439,22669914
39156,STANDARD,REDWOOD,MS,PRIMARY,32.5,-90.79,NA-US-MS-REDWOOD,false,297,578,9538812
38767,PO BOX,RENA LARA,MS,PRIMARY,34.15,-90.77,NA-US-MS-RENA LARA,false,,,
39476,STANDARD,RICHTON,MS,PRIMARY,31.34,-88.94,NA-US-MS-RICHTON,false,2952,5841,94318867
39157,STANDARD,RIDGELAND,MS,PRIMARY,32.42,-90.13,NA-US-MS-RIDGELAND,false,10641,18046,525978897
39158,PO BOX,RIDGELAND,MS,PRIMARY,32.42,-90.13,NA-US-MS-RIDGELAND,false,788,1283,30776805
38865,STANDARD,RIENZI,MS,PRIMARY,34.76,-88.53,NA-US-MS-RIENZI,false,1966,3815,53184372
38663,STANDARD,RIPLEY,MS,PRIMARY,34.72,-88.94,NA-US-MS-RIPLEY,false,5106,9444,132042313
38664,STANDARD,ROBINSONVILLE,MS,PRIMARY,34.81,-90.31,NA-US-MS-ROBINSONVILLE,false,1364,2301,30902488
39159,STANDARD,ROLLING FORK,MS,PRIMARY,32.9,-90.87,NA-US-MS-ROLLING FORK,false,1207,2177,25952648
38768,PO BOX,ROME,MS,PRIMARY,33.93,-90.52,NA-US-MS-ROME,false,,,
38769,STANDARD,ROSEDALE,MS,PRIMARY,33.85,-91.03,NA-US-MS-ROSEDALE,false,925,1670,19435015
39356,STANDARD,ROSE HILL,MS,PRIMARY,32.13,-89.01,NA-US-MS-ROSE HILL,false,319,583,9854530
39661,STANDARD,ROXIE,MS,PRIMARY,31.5,-91.06,NA-US-MS-ROXIE,false,1123,2149,29186146
38771,STANDARD,RULEVILLE,MS,PRIMARY,33.72,-90.55,NA-US-MS-RULEVILLE,false,1282,2314,27848438
39662,STANDARD,RUTH,MS,PRIMARY,31.37,-90.29,NA-US-MS-RUTH,false,501,1002,19221972
39107,PO BOX,MC ADAMS,MS,PRIMARY,33.04,-89.65,NA-US-MS-MC ADAMS,false,,,
39160,STANDARD,SALLIS,MS,PRIMARY,33.02,-89.76,NA-US-MS-SALLIS,false,1126,2102,28273301
38866,STANDARD,SALTILLO,MS,PRIMARY,34.38,-88.68,NA-US-MS-SALTILLO,false,5053,9642,191830985
39477,PO BOX,SANDERSVILLE,MS,PRIMARY,31.78,-89.03,NA-US-MS-SANDERSVILLE,false,410,767,13081580
39161,PO BOX,SANDHILL,MS,PRIMARY,32.28,-89.88,NA-US-MS-SANDHILL,false,,,
39478,STANDARD,SANDY HOOK,MS,PRIMARY,31.03,-89.8,NA-US-MS-SANDY HOOK,false,822,1593,26878762
38665,STANDARD,SARAH,MS,PRIMARY,34.6,-90.12,NA-US-MS-SARAH,false,933,1832,26039867
38666,STANDARD,SARDIS,MS,PRIMARY,34.43,-89.91,NA-US-MS-SARDIS,false,2812,5090,64598376
39162,STANDARD,SATARTIA,MS,PRIMARY,32.67,-90.54,NA-US-MS-SATARTIA,false,,,
39574,STANDARD,SAUCIER,MS,PRIMARY,30.63,-89.13,NA-US-MS-SAUCIER,false,5551,10561,175930642
38952,STANDARD,SCHLATER,MS,PRIMARY,33.63,-90.34,NA-US-MS-SCHLATER,false,269,500,6238296
38953,STANDARD,SCOBEY,MS,PRIMARY,33.93,-89.88,NA-US-MS-SCOBEY,false,274,518,7451066
39358,STANDARD,SCOOBA,MS,PRIMARY,32.83,-88.47,NA-US-MS-SCOOBA,false,644,1132,15411031
38772,PO BOX,SCOTT,MS,PRIMARY,33.59,-91.07,NA-US-MS-SCOTT,false,,,
39359,PO BOX,SEBASTOPOL,MS,PRIMARY,32.56,-89.33,NA-US-MS-SEBASTOPOL,false,276,521,8485593
39479,STANDARD,SEMINARY,MS,PRIMARY,31.55,-89.49,NA-US-MS-SEMINARY,false,2258,4385,71083294
38668,STANDARD,SENATOBIA,MS,PRIMARY,34.61,-89.97,NA-US-MS-SENATOBIA,false,5634,10493,184251425
38868,STANDARD,SHANNON,MS,PRIMARY,34.11,-88.69,NA-US-MS-SHANNON,false,2348,4249,57592307
39163,PO BOX,SHARON,MS,PRIMARY,32.65,-89.83,NA-US-MS-SHARON,false,,,
38773,STANDARD,SHAW,MS,PRIMARY,33.6,-90.77,NA-US-MS-SHAW,false,1323,2409,27148943
38774,STANDARD,SHELBY,MS,PRIMARY,33.95,-90.76,NA-US-MS-SHELBY,false,989,1807,17777548
38869,PO BOX,SHERMAN,MS,PRIMARY,34.35,-88.83,NA-US-MS-SHERMAN,false,,,
39360,STANDARD,SHUBUTA,MS,PRIMARY,31.86,-88.7,NA-US-MS-SHUBUTA,false,1644,3048,42304080
39361,STANDARD,SHUQUALAK,MS,PRIMARY,32.97,-88.56,NA-US-MS-SHUQUALAK,false,651,1133,12615413
39165,PO BOX,SIBLEY,MS,PRIMARY,31.39,-91.37,NA-US-MS-SIBLEY,false,,,
38954,STANDARD,SIDON,MS,PRIMARY,33.4,-90.2,NA-US-MS-SIDON,false,560,1032,11748712
39115,PO BOX,MIDNIGHT,MS,PRIMARY,33.06,-90.56,NA-US-MS-MIDNIGHT,false,,,
39166,STANDARD,SILVER CITY,MS,PRIMARY,33.09,-90.49,NA-US-MS-SILVER CITY,false,,,
39663,STANDARD,SILVER CREEK,MS,PRIMARY,31.6,-90,NA-US-MS-SILVER CREEK,false,1080,2032,33288790
38628,STANDARD,FALCON,MS,PRIMARY,34.39,-90.25,NA-US-MS-FALCON,false,,,
38670,STANDARD,SLEDGE,MS,PRIMARY,34.43,-90.22,NA-US-MS-SLEDGE,false,547,998,10362337
39664,STANDARD,SMITHDALE,MS,PRIMARY,31.33,-90.68,NA-US-MS-SMITHDALE,false,834,1622,26568054
38870,STANDARD,SMITHVILLE,MS,PRIMARY,34.06,-88.39,NA-US-MS-SMITHVILLE,false,1224,2366,38736940
39665,STANDARD,SONTAG,MS,PRIMARY,31.65,-90.18,NA-US-MS-SONTAG,false,378,719,12227250
39480,STANDARD,SOSO,MS,PRIMARY,31.75,-89.27,NA-US-MS-SOSO,false,1137,2160,35475538
38671,STANDARD,SOUTHAVEN,MS,PRIMARY,34.97,-89.99,NA-US-MS-SOUTHAVEN,false,16341,28707,541448563
38672,STANDARD,SOUTHAVEN,MS,PRIMARY,34.97,-89.99,NA-US-MS-SOUTHAVEN,false,4226,8609,237483563
39167,PO BOX,STAR,MS,PRIMARY,32.12,-90.13,NA-US-MS-STAR,false,,,
39759,STANDARD,STARKVILLE,MS,PRIMARY,33.45,-88.82,NA-US-MS-STARKVILLE,false,14326,24708,449177920
39760,PO BOX,STARKVILLE,MS,PRIMARY,33.45,-88.82,NA-US-MS-STARKVILLE,false,676,1144,18819483
39362,STANDARD,STATE LINE,MS,PRIMARY,31.43,-88.47,NA-US-MS-STATE LINE,false,1048,2025,29741097
39766,STANDARD,STEENS,MS,PRIMARY,33.57,-88.31,NA-US-MS-STEENS,false,1122,2097,34743223
39767,STANDARD,STEWART,MS,PRIMARY,33.53,-89.49,NA-US-MS-STEWART,false,302,587,8162530
38776,PO BOX,STONEVILLE,MS,PRIMARY,33.4,-90.94,NA-US-MS-STONEVILLE,false,,,
39363,STANDARD,STONEWALL,MS,PRIMARY,32.13,-88.79,NA-US-MS-STONEWALL,false,740,1355,20139912
39460,PO BOX,MOSS,MS,PRIMARY,31.84,-89.15,NA-US-MS-MOSS,false,,,
39481,STANDARD,STRINGER,MS,PRIMARY,31.84,-89.26,NA-US-MS-STRINGER,false,694,1345,23800441
39769,STANDARD,STURGIS,MS,PRIMARY,33.34,-89.04,NA-US-MS-STURGIS,false,761,1386,20992915
39666,STANDARD,SUMMIT,MS,PRIMARY,31.28,-90.46,NA-US-MS-SUMMIT,false,4042,7553,132659018
38957,PO BOX,SUMNER,MS,PRIMARY,33.96,-90.36,NA-US-MS-SUMNER,false,332,610,7226222
39482,STANDARD,SUMRALL,MS,PRIMARY,31.41,-89.54,NA-US-MS-SUMRALL,false,3734,7379,126990072
38778,STANDARD,SUNFLOWER,MS,PRIMARY,33.54,-90.53,NA-US-MS-SUNFLOWER,false,670,1245,12845483
38959,PO BOX,SWIFTOWN,MS,PRIMARY,33.32,-90.4,NA-US-MS-SWIFTOWN,false,,,
38673,STANDARD,TAYLOR,MS,PRIMARY,34.27,-89.58,NA-US-MS-TAYLOR,false,401,714,10629169
39168,STANDARD,TAYLORSVILLE,MS,PRIMARY,31.83,-89.43,NA-US-MS-TAYLORSVILLE,false,2726,5086,79153842
39169,STANDARD,TCHULA,MS,PRIMARY,33.18,-90.22,NA-US-MS-TCHULA,false,1221,2222,21520365
39170,STANDARD,TERRY,MS,PRIMARY,32.1,-90.29,NA-US-MS-TERRY,false,4353,8155,173786752
38871,STANDARD,THAXTON,MS,PRIMARY,34.3,-89.17,NA-US-MS-THAXTON,false,727,1414,21576211
38961,STANDARD,TILLATOBA,MS,PRIMARY,33.98,-89.89,NA-US-MS-TILLATOBA,false,389,712,9569238
39173,STANDARD,TINSLEY,MS,PRIMARY,32.77,-90.43,NA-US-MS-TINSLEY,false,,,
38674,STANDARD,TIPLERSVILLE,MS,PRIMARY,34.9,-88.92,NA-US-MS-TIPLERSVILLE,false,389,741,10667663
38962,PO BOX,TIPPO,MS,PRIMARY,33.91,-90.1,NA-US-MS-TIPPO,false,,,
38873,STANDARD,TISHOMINGO,MS,PRIMARY,34.63,-88.22,NA-US-MS-TISHOMINGO,false,1133,2166,31327902
38874,PO BOX,TOCCOPOLA,MS,PRIMARY,34.25,-89.23,NA-US-MS-TOCCOPOLA,false,,,
39364,STANDARD,TOOMSUBA,MS,PRIMARY,32.43,-88.46,NA-US-MS-TOOMSUBA,false,1270,2351,35537508
39174,PO BOX,TOUGALOO,MS,PRIMARY,32.39,-90.15,NA-US-MS-TOUGALOO,false,339,546,7694981
38875,PO BOX,TREBLOC,MS,PRIMARY,33.83,-88.85,NA-US-MS-TREBLOC,false,,,
38876,STANDARD,TREMONT,MS,PRIMARY,34.23,-88.24,NA-US-MS-TREMONT,false,495,944,13931324
38676,STANDARD,TUNICA,MS,PRIMARY,34.68,-90.38,NA-US-MS-TUNICA,false,3058,5443,68668034
38801,STANDARD,TUPELO,MS,PRIMARY,34.26,-88.73,NA-US-MS-TUPELO,false,11578,20894,394837875
38802,PO BOX,TUPELO,MS,PRIMARY,34.26,-88.73,NA-US-MS-TUPELO,false,584,994,21132713
38803,PO BOX,TUPELO,MS,PRIMARY,34.26,-88.73,NA-US-MS-TUPELO,false,703,1234,21317058
38804,STANDARD,TUPELO,MS,PRIMARY,34.26,-88.73,NA-US-MS-TUPELO,false,6760,12150,250632836
38963,STANDARD,TUTWILER,MS,PRIMARY,34.01,-90.42,NA-US-MS-TUTWILER,false,626,1167,12813083
39667,STANDARD,TYLERTOWN,MS,PRIMARY,31.11,-90.14,NA-US-MS-TYLERTOWN,false,4995,9415,132768382
39365,STANDARD,UNION,MS,PRIMARY,32.57,-89.11,NA-US-MS-UNION,false,2929,5667,88431960
39668,STANDARD,UNION CHURCH,MS,PRIMARY,31.7,-90.82,NA-US-MS-UNION CHURCH,false,271,514,8019876
38677,PO BOX,UNIVERSITY,MS,PRIMARY,34.36,-89.59,NA-US-MS-UNIVERSITY,false,553,801,15081270
39175,STANDARD,UTICA,MS,PRIMARY,32.1,-90.62,NA-US-MS-UTICA,false,2196,3952,58627262
39176,STANDARD,VAIDEN,MS,PRIMARY,33.33,-89.75,NA-US-MS-VAIDEN,false,820,1530,21377104
39177,PO BOX,VALLEY PARK,MS,PRIMARY,32.57,-90.86,NA-US-MS-VALLEY PARK,false,,,
38964,STANDARD,VANCE,MS,PRIMARY,34.08,-90.3,NA-US-MS-VANCE,false,,,
38877,PO BOX,VAN VLEET,MS,PRIMARY,33.97,-88.91,NA-US-MS-VAN VLEET,false,,,
38878,STANDARD,VARDAMAN,MS,PRIMARY,33.88,-89.17,NA-US-MS-VARDAMAN,false,1059,2020,24036587
38879,PO BOX,VERONA,MS,PRIMARY,34.19,-88.71,NA-US-MS-VERONA,false,1240,2214,23441025
39180,STANDARD,VICKSBURG,MS,PRIMARY,32.32,-90.87,NA-US-MS-VICKSBURG,false,14256,25610,473135481
39181,PO BOX,VICKSBURG,MS,PRIMARY,32.32,-90.87,NA-US-MS-VICKSBURG,false,,,
39182,PO BOX,VICKSBURG,MS,PRIMARY,32.32,-90.87,NA-US-MS-VICKSBURG,false,667,1117,23185241
39183,STANDARD,VICKSBURG,MS,PRIMARY,32.32,-90.87,NA-US-MS-VICKSBURG,false,6609,12027,231751023
38679,PO BOX,VICTORIA,MS,PRIMARY,34.83,-89.59,NA-US-MS-VICTORIA,false,,,
39366,STANDARD,VOSSBURG,MS,PRIMARY,31.98,-88.96,NA-US-MS-VOSSBURG,false,605,1094,14026732
38680,STANDARD,WALLS,MS,PRIMARY,34.95,-90.13,NA-US-MS-WALLS,false,2663,4919,91165658
38686,UNIQUE,WALLS,MS,PRIMARY,34.95,-90.13,NA-US-MS-WALLS,false,,,
38683,STANDARD,WALNUT,MS,PRIMARY,34.94,-88.9,NA-US-MS-WALNUT,false,1826,3593,48406320
39189,STANDARD,WALNUT GROVE,MS,PRIMARY,32.59,-89.45,NA-US-MS-WALNUT GROVE,false,1416,2605,36086377
39771,STANDARD,WALTHALL,MS,PRIMARY,33.6,-89.27,NA-US-MS-WALTHALL,false,,,
39190,PO BOX,WASHINGTON,MS,PRIMARY,31.56,-91.26,NA-US-MS-WASHINGTON,false,364,668,9222001
38685,STANDARD,WATERFORD,MS,PRIMARY,34.63,-89.46,NA-US-MS-WATERFORD,false,545,992,15012257
38965,STANDARD,WATER VALLEY,MS,PRIMARY,34.16,-89.63,NA-US-MS-WATER VALLEY,false,3675,6726,96744434
39367,STANDARD,WAYNESBORO,MS,PRIMARY,31.67,-88.64,NA-US-MS-WAYNESBORO,false,6141,11551,186026414
38780,PO BOX,WAYSIDE,MS,PRIMARY,33.26,-91.02,NA-US-MS-WAYSIDE,false,,,
38966,STANDARD,WEBB,MS,PRIMARY,33.94,-90.34,NA-US-MS-WEBB,false,505,926,9022464
39772,STANDARD,WEIR,MS,PRIMARY,33.26,-89.28,NA-US-MS-WEIR,false,731,1351,16113681
39191,STANDARD,WESSON,MS,PRIMARY,31.7,-90.39,NA-US-MS-WESSON,false,3116,6048,101618701
39192,STANDARD,WEST,MS,PRIMARY,33.19,-89.78,NA-US-MS-WEST,false,681,1261,18292365
39754,PO BOX,MONTPELIER,MS,PRIMARY,33.71,-88.94,NA-US-MS-MONTPELIER,false,,,
39773,STANDARD,WEST POINT,MS,PRIMARY,33.6,-88.64,NA-US-MS-WEST POINT,false,6931,12412,184837229
38880,PO BOX,WHEELER,MS,PRIMARY,34.58,-88.6,NA-US-MS-WHEELER,false,,,
39577,STANDARD,WIGGINS,MS,PRIMARY,30.86,-89.13,NA-US-MS-WIGGINS,false,4031,7450,114411183
38967,STANDARD,WINONA,MS,PRIMARY,33.48,-89.72,NA-US-MS-WINONA,false,3072,5619,78027863
38781,PO BOX,WINSTONVILLE,MS,PRIMARY,33.91,-90.75,NA-US-MS-WINSTONVILLE,false,,,
39776,STANDARD,WOODLAND,MS,PRIMARY,33.78,-89.05,NA-US-MS-WOODLAND,false,723,1325,16939245
39669,STANDARD,WOODVILLE,MS,PRIMARY,31.1,-91.29,NA-US-MS-WOODVILLE,false,2243,4031,59498550
39194,STANDARD,YAZOO CITY,MS,PRIMARY,32.86,-90.4,NA-US-MS-YAZOO CITY,false,6571,12017,160767569
